178,205,37,120,195,112,181,30
46,200,165,250,17,179,97,207
221,163,160,199,232,39,183,169
91,184,239,145,1,212,170,192
221,154,43,216,67,87,36,108
45,146,53,213,254,61,24,167
248,100,222,136,42,224,182,169
84,89,86,36,115,232,72,213
240,233,134,225,196,119,100,100
114,30,244,10,174,147,213,154
201,150,69,91,66,22,58,31
144,43,56,14,154,100,195,249
231,188,150,11,150,254,213,244
103,5,60,43,161,211,1,106
161,11,252,124,50,59,116,147
108,143,196,159,79,44,181,174
85,20,168,72,55,107,233,8
152,139,131,232,143,118,38,8
105,85,33,31,64,84,27,145
126,254,214,249,80,172,133,40
206,62,214,226,96,101,78,59
100,88,124,47,69,126,176,100
143,223,255,26,171,135,56,243
200,232,188,86,97,252,88,18
254,159,170,188,212,29,17,121
170,237,72,55,40,162,6,106
233,193,113,241,242,40,209,77
92,129,116,115,210,0,18,62
173,53,244,250,13,173,48,54
111,243,88,58,198,42,27,194
200,27,15,250,67,204,33,14
219,162,62,142,123,150,96,26
98,15,55,239,207,103,188,221
255,98,195,9,101,243,91,130
112,87,55,235,62,30,201,149
5,158,168,66,5,214,76,27
188,139,74,122,186,31,97,0
74,47,183,113,91,222,139,103
53,62,44,59,104,62,12,88
208,218,133,30,219,147,64,147
113,157,5,40,52,175,32,164
142,244,148,200,62,240,161,189
23,211,55,111,63,195,186,57
122,153,137,151,149,35,162,232
65,75,224,202,48,229,195,58
135,105,63,4,104,164,160,142
212,18,99,185,140,158,160,195
99,5,122,224,25,200,222,209
83,254,59,59,0,66,232,72
83,170,61,16,109,103,3,90
17,182,172,169,176,90,112,37
185,89,164,237,221,175,151,210
168,128,164,88,40,135,138,196
28,3,128,107,100,179,173,254
172,39,17,234,240,155,79,125
223,55,84,150,203,163,23,152
147,24,216,213,99,205,215,117
141,248,65,111,185,189,54,83
63,83,73,206,52,76,183,115
214,202,250,88,55,33,68,245
133,93,24,161,127,72,158,253
236,136,45,27,10,39,7,179
47,91,151,254,220,158,111,91
107,227,193,26,117,194,73,124
