91,59,121,190,202,224,143,226
192,145,20,9,242,113,255,117
152,194,244,230,47,7,171,61
23,37,224,157,198,69,1,71
159,85,88,31,170,100,151,71
41,134,3,55,210,39,237,86
5,157,167,163,227,145,113,79
112,5,231,168,29,63,136,213
111,125,128,223,180,48,134,74
154,159,236,153,169,187,193,70
200,39,53,37,225,225,104,115
136,16,191,36,33,200,91,133
16,110,4,180,197,89,119,155
7,204,60,215,142,198,248,155
6,81,101,179,160,117,158,160
56,173,31,60,203,13,22,67
105,178,83,93,15,45,186,19
213,31,229,88,191,12,233,176
103,155,123,159,115,220,24,81
195,180,140,219,57,234,190,66
177,165,243,92,46,66,217,160
207,21,244,162,213,23,82,113
31,239,177,140,149,171,187,99
196,231,177,30,34,139,16,253
209,191,187,34,72,86,131,108
77,170,173,54,248,196,239,117
63,108,206,30,222,76,41,97
51,245,229,97,230,218,187,123
118,203,98,12,82,235,156,226
4,234,119,226,249,127,185,220
31,153,189,60,104,82,255,44
159,191,47,79,221,126,179,114
53,153,187,144,159,199,82,61
243,53,93,125,106,95,8,219
91,131,23,144,178,192,30,74
114,48,132,216,121,37,62,226
214,206,116,72,15,163,6,213
91,146,74,86,62,48,215,206
226,8,52,119,210,237,75,254
248,111,152,203,97,206,167,24
117,111,176,71,92,246,127,180
36,122,82,48,228,214,8,164
162,170,223,127,199,19,163,84
122,157,213,131,97,101,31,254
200,245,238,47,220,86,142,50
114,39,200,68,127,46,169,133
75,201,220,238,56,228,251,134
162,224,193,5,92,178,46,24
44,104,170,192,231,30,122,3
162,7,118,49,149,104,102,169
22,142,9,131,218,38,133,48
11,126,246,219,76,48,146,105
120,53,129,22,216,69,218,57
125,248,40,167,95,192,219,159
190,4,65,63,169,11,114,61
67,55,171,113,32,88,193,208
191,24,168,237,140,192,22,72
111,196,91,151,192,184,72,31
69,104,29,124,7,108,157,166
194,124,197,250,68,5,83,8
27,249,152,189,9,138,214,138
123,19,16,136,203,33,194,191
177,54,43,102,127,11,230,77
141,189,195,129,237,230,89,114
